formula,target
Li2B6,2.0
NH6PO4,6.805
Be3N2,3.8
B4C,1.64
NaB15,0.32
LiAlB14,1.935
Mg3B50C8,2.7
YB66,0.8
AlB12,2.14
SmB66,0.8
Li2B12Si2,2.27
GdB66,1.27
YbB66,1.27
LiF,11.7
BeO,10.39
ZnB12O24H10,4.6
Li2B4O7,7.3
B6P,3.3
B12P2,3.3
LiB3O5,7.843333332999999
Li8GeN4,2.61
B2O3,4.895
Na2Be4B4O11,7.3
CaB6,4.5
SiB3,2.0
Li3ScN2,2.9
LiMgN,3.2
Na2B6O9F2,7.33
Na8CsB21O36,4.67
NH7Se2O6,4.81
Li4SrB2O6,6.67
NaNO2,3.06
KH2PO4,6.975
Li3AlP2,2.75
LiKCO3,6.32
Mg5B3O9F,5.63
Na3ZnB5O10,3.2
As2B12,1.51
K3B6O10Cl,6.89
CsLiB6O10,6.89
LiPbB9O15,4.75
Li4Rb3B7O14,6.53
SrB6,3.68
YH2NO5,4.83
Li6Rb5B11O22,6.53
NaF,10.5
LiCl,9.33
Li4.5Al0.5TeO6,4.9
K2Al2B2O7,6.89
Mg3N2,2.8
MgSiN2,4.05
MgO,7.745
AlN,6.1
BeS,4.17
BP,4.2
Ba2B6O9(OH)4,6.53
Si3N4,5.1
MgF2,11.1
K2ReH9,5.71
LiH3Se2O6,4.9
Fe4I3O24H15,2.3
NaBaB5O9,4.78
LiZnBO3,3.1
Li4.5Cr0.5TeO6,1.79
Li4.5Mn0.5TeO6,1.97
Li4.5Fe0.5TeO6,3.25
Rb2Cd3B16O28,4.76
Li4.5Ga0.5TeO6,4.99
KBaB5O9,3.65
NiC2N2,2.0
NaH3Se2O6,4.9
Ca3B2N4,4.0
Ca5B3O9F,6.53
CuNiC4N4,2.7
Li3PS4,3.68
LaBeB3O7,5.65
Fe2P3B1O12,3.52
K3CdB5O10,3.47
Li3Cs2B5O10,7.3
H2Ti6O13,3.4
Cs2Cd3B16O28,4.76
KH3Se2O6,4.936666667
Sr2Be2B2O7,8.0
Li4Cs3B7O14,6.53
CaMg2N2,3.25
LiRbCO3,6.28
RbGeB3O7,5.58
LaH2NO5,4.76
Na7Co2O6,0.495
Na2Ti3O7,3.51
KTiPO5,3.67
CrO3,1.4
Ca3Ti2Si3O12,1.65
Ba2B6O11,5.17
Ba2B4O9H2,5.12
LaMg2PdH7,1.0
Se2B2O7,4.64
CsB3O5,7.42
BaB6,2.64
V2O5,2.391666667
Rb2GeB4O9,5.54
KPbB5O9,3.1
LaB6,4.1
Ba4B11O20F,7.1
LiGaO2,5.6
CuN3,4.17
GdH2NO5,4.84
KTi2F7,6.4
Na2S,2.4
CaF2,9.96
Mg2Si,2.27
TiO2,3.3
Ba6Al4B14O33,3.44
PrB6,4.9
BaReH9,3.44
NdB6,4.9
Na3MoO4F,4.77
Rb3ZnB5O10,2.66
VO2,0.466
V2O4,0.66
RbH3Se2O6,4.84
SmB6,3.5
CsB3GeO7,5.76
K2Ge3B2O10,5.38
Sc2O3,6.1
Mg3P2,1.4
KZn4B3O9,2.32
LiZnN,1.945
CrO2,0.23
LiCdBO3,4.28
Na8Al8Si38,0.64
GdB6,3.6
RbCdB3O6,4.2
Zn3B2O6,2.6
Cs2B4SiO9,6.53
YVSeO10,2.7
In2P3B1O12,5.39
LiNbO3,4.066666667
Ba8Al10B12O41,3.1
Ba2CdB6O12,4.59
MnO2,1.3
Rb4Ge3B6O17,5.42
DyB6,3.3
Na3MoO4Cl,4.69
EuLiH3,1.5
KSbS2O8,4.64
Na2GdP2O8,4.185
Ca10Ge16B6O51,5.47
Rb3CdB5O10,2.34
Ba2Ca2B4O10,5.6
GaHSeO4,5.51
ScN,2.6
CaO,7.0034
KF,10.3
NaCl,8.5
ErB6,3.5
BaB2O4,6.443333332999999
Ge0.02Si0.98,1.08
Ge0.001Si0.999,1.09
AlP,2.796818182
Ga0.01Al0.99P,2.4450000000000003
CsZn2B3O7,5.69
MnF2,9.9
RbCaBO3,3.67
Cr2O3,3.4
TiC0.9,0.3
Li6Mo6Se6O33,3.3
MgGeN2,4.3
SiP,2.0
NaSbF6,3.76
CsH3Se2O6,4.77
VTeO5H,2.51
K8Al8Si38,1.4
K2CeP2O8,2.46
ScTiNbO6,3.58
LiCsCO3,6.19
SiP2,1.89
Rb5BS4O16,3.99
V3As2O9,0.76
Ca3N2,1.55
Li2MoTeO6,3.5
NaScSe2O6,5.5
Al2S3,4.1
YVTeO10,2.2
Ca3BiP3O12,4.2
RbBa2P5O15,7.6
Ge0.06Si0.94,1.06
AsNMg3,1.332
Fe2O3,2.2
KSi2P3,1.72
Na2Mo2Se2O11,3.1
VO,0.3
BaIn2P4O14,3.97
Cs2Al2B2O7,4.13
KScSe2O6,5.4
Sr2V2Se3O15,2.96
SrCrO4,2.45
Zn2LiGaO4,4.0
RbMoPO6,2.96
Ga0.2Al0.8P,2.43
Ge0.1Si0.9,1.04
AgSO4,0.18
Li2MnGeS4,3.06
PbCdP4O12,4.86
Na5GdMo4O16,3.3760000000000003
LiMgAs,0.7
Li2FeGeS4,1.42
Ca2ScSbO6,3.68
MnAl3,0.58
LiIO3,4.185
NaNbSe2O7,3.725
GeO2,5.5766666670000005
LiMoIO6,2.8
BaClBF4,6.89
Na2Nb4Se4O19,3.56
K2Mo2Se2O11,3.3
Na2Zn3Se4O12,4.9
Sr2V3Se5O18,2.47
GeSe2O6,5.29
CuScO2,3.3
LiGaS2,3.843333333
MnO,3.6
MoO3,3.6625
CuBS2,3.61
K3Ti2P5S18,1.61
Pb2B3O7.5H2,4.42
CsGe5BO12,4.89
BaV2SeO8,2.13
KNbSe2O7,4.0
Sr3EuP3O12,3.987
Li6Al2Te8O22,3.63
Zn3V2TeO10,2.96
SrTiO3,3.4125
CsSbS2O8,4.68
Ga2Se2O7,4.61
Li2ZnGe,1.1
Mg2Co,0.66
LiAsS2,1.6
Na3Sn2F6Cl,3.88
KNb3Se2O12,3.46
MnP4,0.28
AgN3,3.67
AgP15,1.47
AlVTe2O8,2.9
H6PtI6O20,2.26
Rb4Mo5P2O22,3.51
Cd12Ge17B8O58,4.29
K3Cr2P3S12,1.35
NaAlGeS4,3.6
FeP4,0.32
Ga2O3,4.47
K8Ga8Si38,1.18
KV2I3O13,2.3
Sr4V2Se6O21,2.66
EuAl2O4,2.74
Na3WO4Cl,4.99
Sr5V3O12F,4.5
CrSi2,1.3
SrSeO4,4.75
CsCaBO3,4.065
RbScSe2O6,4.9
Li6Fe2Te8O22,1.98
Nb2O5,3.08
YFMoO4,3.78
Zn2MoSeO7,4.2
TiS3,0.9
K2La2Ti3O10,3.05
Ni2InVO6,1.92
Ge0.2Si0.8,1.1
Ga0.4Al0.6P,2.4
Li6Ga2Te8O22,3.85
PbN6,3.0
Nb6VSb3O25,3.2
Sr3BiP3O12,4.0
Li2Ga2GeS6,3.65
Sr3Ti2O7,3.26
K2Nd2Ti3O10,3.25
Rb2Mo3Se3O16,3.1
Ca2Si,1.9
K2S,2.1
CaS,5.593333333
KCl,8.5
Li2PtO3,2.3
Sc2S3,2.0
Li2WTeO6,4.0
FeSi2,0.916
TiS2,1.95
NiO,4.0
CuNb3O8,1.47
CoP3,0.45
MnVTe2O8,1.9
RbH2I3O9,4.07
As2O3,4.0
Mn15Si26,0.701
Mn11Si19,0.74
Cd4YB3O10,3.78
K2Sm2Ti3O10,3.26
Ba3In2P4O16,3.87
Ba3P3O10Cl,6.89
Li2FeSnS4,1.86
KAlGeS4,3.5
K2Gd2Ti3O10,3.3
RbNbSe2O7,4.1
Cu2P2S6,2.2
CaZnOS,3.7
Cu2MgSiS4,3.2
CuAlS2,3.5
ZnSiP2,2.07
GaVTe2O8,3.0
Cd8B5O15F,3.14
Sr2TiO4,3.41
YClMoO4,3.82
LiCa3As2H,1.4
K2Dy2Ti3O10,3.38
Na2Se,2.0
Mg2Ge,1.67
ZrO2,4.99
Ba2V4Te3O18,2.64
Li2ZnSnS4,2.87
Li2CdGeS4,3.1
CaSnO3,4.4
CuNbO3,2.0
NaSbP2S6,2.21
Li9Ga13Te21O66,4.45
DyPO4,6.38
Rb2Zn3Se4O12,4.9
LiBr,7.725
NaAsS2,2.28
CoP2,0.35
FePS,0.25
KNb3Te2O12,3.52
ZnO,3.4028090910000004
CuGaO2,1.47
ZnGeN2,3.05
AgAlO2,3.6
GaN,3.4410000000000003
BAs,1.455
BeSe,4.0
Sn0.5GaZn5.5O8,2.99
Sn0.5GaZn4.5O7,3.0
Sn0.5GaZn3.5O6,2.99
Zn3P2S8,3.07
Zn2MoTeO7,4.1
K4GeS4,0.8
Ba3V2Se4O16,2.87
Li4HgGe2S7,2.75
NaNb2PS10,1.72
CdIO4H,4.35
CsScSe2O6,5.2
KIO3,3.8575
Cr2S3,1.0
K2CuVS4,1.82
Na2ZnGe2S6,3.145
Na2Ga2GeS6,3.29
Rb3NaMo2O8,4.84
CdCuSe2O6,3.33
NiP2,0.51
CoPS,0.4
Cd3BiP3O12,3.9
Ba2ZnV2O8,3.48
Ge0.3Si0.7,1.0
Ga0.6Al0.4P,2.35
In0.3Al0.7P,2.3
SmSb2BO8,3.54
Li2In2SiS6,3.61
PrBN2,4.0
MnSi,0.6
Cd4GdB3O10,3.8
EuSb2BO8,3.46
Pb2V3Se5O18,3.14
Cs2Ba3P4O14,6.31
Ba3EuP3O12,4.091
GdSb2BO8,3.48
Sr2ScSbO6,3.57
Cd2V2Te2O11,2.48
K4Nb2S11,2.2433333330000003
EuVO4,3.35
CuP2,1.4533333330000002
TbSb2BO8,3.53
AgLi0.33Ti0.67O2,2.7
Sr3Se3O8Cl,4.4
La3FMo4O16,3.7
Bi2V2Se4O16,2.2
Cd4LuB3O10,3.7
NaSmP2S6,2.54
Rb8Ga8Si38,1.18
Si30P16Te8,1.24
Ag2V2I4O16,2.24
LiInI4O12,4.27
LiTaO3,4.1
RbNb3Te2O12,3.49
CsNbSe2O7,4.2
NiS2,0.64
CeFMoO4,2.52
K2SmP2S7,2.59
In2Se2O7,2.97
BiFeSe3O9,2.54
K2TiCu2S4,2.04
As2S6,2.35
K10Zn4Ge4S17,3.34
PrFMoO4,3.64
CdP2S4,3.76
Pb2N2SeO9,3.76
BaTeMo2O9,3.12
K6Nb2.97Ta1.03S25,2.01
K8Ce2I18O53,2.34
Na2TeS3,2.35
Pb2H2P2O6,3.97
La2V2IO9,3.63
Mg3As2,2.45
Y2O3,5.6
BaTiO3,3.057
InP2S4,2.585
NdFMoO4,3.66
NaInI4O12,4.25
Pb3B3O10N,3.64
Li2HgSiS4,2.68
Na8Eu2Ge4S12,2.15
LaVI5O16,3.58
Cs2Zn3Se4O12,4.3
Ba2V2Te2O11,3.16
Gd2Mo3O12,4.12
CeScO3,3.2
NaYbP2S6,1.85
Tb2Mo3O12,1.505
Ga2Te3O9,4.145
Cu2ZnSiS4,3.15
Cu2MgGeS4,2.36
Cs3Nb9Te4O32,3.22
RuP4,0.51
ZnSnO3,3.9
Na2PtI6O18,2.4
Dy2Mo3O12,1.92
Rb4Ti3S14,1.59
As2S5,2.48
Na2CdGe2S6,2.89
Na2In2SiS6,3.27
Na2Ga2SnS6,2.245
ZnMoSb2O7,3.3
Ho2Mo3O12,1.375
Na3Sb,1.09
CuYO2,3.5
AgScO2,3.8
LiInS2,3.5733333330000003
Li2CdSnS4,3.26
LaF3,6.6
KYTe2O6,3.8
K3Ga3Ge7S20,3.25
Rb3Al3Ge7S20,3.1
Er2Mo3O12,1.0
Co2Te3O8,3.6
Li2In2GeS6,3.45
La2CoTiO6,1.02
BiTeNO6,3.62
Rb6P3S15,2.3
NaYTe4O10,3.9
KPbPO4,4.44
K6Yb3P5S20,2.6
NaInTe2O6,4.0
La2CoVO6,0.41
Ge0.4Si0.6,0.94
Ga0.8Al0.2P,2.3
In0.4Al0.6P,2.3
Ni2Te3O8,3.84
CeF3,4.85
La2NiVO6,0.45
GeS2,3.56875
InPS4,3.12
Cu2Te3O8,2.64
BiZn2VO6,2.4
Ag2VI3O11,2.16
Cd4V3Te3O15,2.66
Li2CdGe,0.99
K2CuNbS4,2.82
K2AgVS4,1.85
LiSbS2,1.36
La2MnNiO6,1.3
PrF3,5.6
KFe2BiO5,1.76
CdP4,0.9995
Ba5V3O12F,3.85
In2As2O5Cl2,4.62
BiPO4,3.85
EuH2,1.85
NaGe3P3,2.06
AgNb2PS10,1.78
Na2BaGeS4,3.7
CuFeS2,0.4866666670000001
Cu3VS4,1.0
NdF3,6.15
LiGd5P2O13,3.73
K10Mn4Sn4S17,2.3
K2AuI5O15,2.65
Pb2Nb2Se4O15,2.79
Ba7B3O9F5,4.94
Cs2CuP3S9,2.4
K10Fe4Sn4S17,2.2
Ag2MoI4O14,3.06
Mn3Ta2O8,1.89
CsCdBO3,2.58
SnO2,3.597
Fe2TiSi,0.4
K10Co4Sn4S17,1.555
Ca2SnS4,2.32
K4Ba2Nb4S22,1.77
Cu2O,2.613333333
ZrS3,2.225
Ga2S3,2.83
CdF2,6.0
KInTe2O6,4.0
Cu0.05Ga1.95S2.95,2.67
Cu0.1Ga1.9S2.9,2.625
Na4MgSi2Se6,2.85
UP2S9,1.41
Cu0.2Ga1.8S2.8,2.675
Bi2Mo2Se2O13,3.15
PdI2O6,1.31
Cu0.3Ga1.7S2.7,2.575
Ca2SmTaO6,3.45
Cu0.35Ga1.65S2.65,2.55
K10Zn4Sn4S17,3.15
Cu0.4Ga1.6S2.6,2.475
K3SmAs2S8,2.2
La20Mo12O63Cl4,2.4
LaGaO3,4.4
SrSnO3,4.1
Y6ZnSi2S14,2.38
Cu0.5Ga1.5S2.5,2.445
Zn0.2Ba2B2S5.2,3.54
HgCuSe2O6,3.25
Pb2GeSe4O12,4.1
Ag2NbP2S8,2.02
Na2In2GeS6,3.17
Na2ZnSn2S6,2.93
KAuI4O12,2.75
Cs8Ga8Si38,1.14
Ce15B8N25,3.5
Pb4V2Se6O21,3.37
CuGa2S3.5,2.42
Zn6S5Cl2,2.71
K6Nb1.07Ta2.93S22,1.88
FeSc2,0.77
TeO2,3.0
MnSb2O4,2.65
Rb2PtI6O18,2.4
Li2HgGeS4,2.46
RbCu2VS4,1.45
Pd3P2S8,2.12
BaPdI4O12,1.97
RbYTe2O6,3.6
Be3Sb2,0.67
BaGa2SiS6,3.75
As2S3,2.4163333330000003
Bi2Mo3O12,2.9
Ga0.99Al0.01P,2.27
PbCrO4,2.25
Li3Bi,0.7
Na2KSb,1.05
YN,1.9
SrO,5.735
NaBr,7.261666667
RbF,10.4
ZrC,0.6
KCu3S2,1.459
SrZnSO,3.1
NaInS2,1.9
Na2CdSnS4,2.52
Zn0.95S0.95Ga0.05P0.05,2.85
Zn0.99S0.99Ga0.01P0.01,3.7
ZnS,3.7042
Cu2ZnGeS4,2.1
Zn0.7S0.7Ga0.3P0.3,2.45
Cu3AsS4,1.36
Cu2GeS3,0.53
CuGaS2,2.442857143
Zn0.55S0.55Ga0.45P0.45,2.35
AgAlS2,3.13
ZnGeP2,2.16
Ga0.99P0.99Zn0.01Se0.01,2.245
GaP,2.76
GeSi,0.88
CdSiP2,2.151666667
In0.5Al0.5P,2.35
MgSe,5.743333333
Zn0.9S0.9Ga0.1P0.1,2.8
CuCl,3.2555571430000003
Zn0.85S0.85Ga0.15P0.15,2.65
Zn0.3S0.3Ga0.7P0.7,2.3
GaAs0.01P0.99,2.23
Cd3MoTe2O10,3.81
AgPdI3O9,1.5
Sr4Te3O8Cl4,4.0
CaTaO2N,2.4
NaLaS3,2.61
KTaO3,3.5
KCu4AsS4,1.9
RhS3,1.5
Rh0.67S2,1.5
Ta0.67Zr1.33O1.89N1.63,2.48
Ba2Ga8SiS16,3.4
NaCdAsS3,2.93
Ba8Ga10Si36,0.31
CdMoSb4O10,3.4
NaCeS3,2.15
UP2S7,1.41
In4As5O12Br3,4.22
KInGeS4,3.1
NaSbS2,1.64
TlCr5S8,1.01
AgGaO2,2.2
GaS,2.586515385
SiAs,1.5
GeP,0.95
Bi2SI2O11,3.74
RbInTe3O8,3.9
KAg11V4O16,2.0
BaAuI5O15,2.32
CdIO3Cl,4.3
LiInSnS4,2.3
RbPbPO4,4.35
CuGa1.6In0.4S3.5,2.15
Ta0.67Zr1.33O1.38N1.97,2.31
Rb2CuVS4,1.85
Ge0.542Si0.458,2.238
ScTa2O5N,2.67
SrThP2S8,3.02
SnGa4S7,3.1
Tb4Al2O9,4.59
GaAs0.1P0.9,1.22
Ca2Ge,1.0
K2Se,1.8
Na2BaSnS4,3.27
KAg2PS4,3.02
ZrS2,2.75
Zn3P2,1.175
Ba2Ga8GeS16,3.0
SnGa2GeS6,2.04
GeS,1.690090909
PAs,0.23
Bi2CrI2O11,2.4
LaNbON2,1.7
Ba3La3Cu6O14,1.8
Cs2PtI6O18,2.4
CsYTe3O8,3.4
Ag2Ga2SiS6,2.35
Rb2TiCu2S4,2.19
K3Ta2AsS11,2.21
Bi3Se2NO11,3.59
Ba2Sb7O14H,2.7
K2Cu2Sn2S6,1.47
CsTa3Se2O12,3.88
KTa3Te2O12,4.06
BaGa4S7,3.54
Bi2YVO8,2.09
Pr2Te4O11,3.65
Cu1.8S,2.3
Ag2CdP2S6,2.49
AgLi0.33Sn0.67O2,2.7
La3Mg0.5SnS14,1.71
Y3GaS6,2.88
Bi2Te2SO10,3.6
In2O3,2.8
CdSnO3,3.0
CuZr1.86S4,1.26
Ba3Gd2P4S16,3.41
K2AuPS4,2.63
La2MoO5,0.745
WO3,2.8
As4S4,2.4
PSe,2.5
Ba3Tb2P4S16,3.37
NaLa2TaO6,4.5
BaGa2GeS6,3.245
Ta0.67Zr1.33O0.42N2.61,1.93
Bi2SeI2O11,3.7
La2BaTe5O14,3.81
Ba3Dy2P4S16,3.28
Na2Te,2.3
CeO2,3.41
BaF2,9.1425
Mg2Sn,0.272307692
RuP2,0.9
PbSeO4,4.3
K2ZnSn3S8,2.333333333
Ba3Ho2P4S16,3.3
Pb6B4O13H2,3.24
Ce3MoO7,2.0
Pb3BiP3O12,3.7
ReO3,2.3
TlTiPS5,1.3
TlCr5S7Se,0.97
Ba3Er2P4S16,3.3
GaAs0.2P0.8,2.2
Ge0.6Si0.4,0.9
In0.6Al0.4P,2.12
In0.1As0.1Ga0.9P0.9,2.25
CdTeO3,3.73
NaInSnS4,2.4
AgGaGeS4,3.0
CdGa2S4,3.42
CsInTe3O8,3.9
Na4MgGe2Se6,2.53
FeAsS,0.23
RuPS,1.4
Li2HgSnS4,2.32
KInS2,3.0
Rb2AgPS4,2.6
RbCu4AsS4,2.15
RhP2,1.0
TcS2,1.0
BiFSeO3,3.83
SeS,1.9
BaSbBS4,2.34
RbCu2AsS3,1.96
KCu2SbS3,1.615
Y2S3,2.9
SrZrS3,0.9
Sb2O3,3.255
K4P8Te4,1.4
Ag2ZnSiS4,3.28
Cu2CdGeS4,2.05
Cu3SbS4,0.85
Ga0.75P0.75Zn0.25Se0.25,2.18
Ga0.25Al0.75As,2.42
Pb2BO4H,3.76
Cs3W3PO13,3.27
KUO3Cl,2.37
PdP2,0.65
RbTa3Te2O12,3.88
CoAsS,0.6
RuS2,1.8
Bi2I4O13,3.3
CuGaInS3.5,1.84
Ba2ScTaO6,4.19
BiIO3F2,3.97
Hg2Cu3Te6O16,2.56
K2PbGe2S6,2.85
Y4GaSbS9,2.06
Li2ZnGeSe4,1.86
LiGaSe2,3.346666667
KSbS2,1.69
TlN3,3.58
KEuAsS4,1.89
Al2Se3,3.125
AgBiP2S6,1.7
Cu2Ta11O30,2.59
PdPS,1.39
GaAs0.3P0.7,2.16
In0.3Ga0.7P,2.2
KBiSiS4,2.25
Bi3F3I4O13,3.7
Ge0.653Si0.347,1.914
Cu2Ta4O11,2.65
Sr0.5TaO3,3.7
Ca3La2Sn3S12,1.45
Zn3In2S6,2.925
Cu5Ta11O30,2.58
La2Ga2GeS8,2.78
Cu3Ta7O19,2.47
Sr2SmTaO6,3.38
Cs4Th2P6S18,2.8
BaGa2S4,4.125
KInSnS4,2.3
RbInGeS4,3.1
Rb2CuNbS4,2.64
Rb2AgVS4,1.83
K4Sn3Ce3S14,2.46
LiAsSe2,1.236666667
Ru2Si3,0.57
Cs2ZnGe3S8,3.332
CdP2,2.1035
PdS2,0.75
Pb3BiV3O12,2.5
SnGeS3,2.23
Bi3Ge3O10.5,3.3
BaSnO3,3.1
TlCr5S6Se2,0.94
Gd2Mn4S7,1.44
RbCd4Ga5S12,3.02
KAgAsS2,2.21
LiSm3SiS7,2.83
ZnYBiO4,1.58
CsPbPO4,4.39
Sm3S3BO3,2.5
NaBa2Cu3S5,0.45
P2Se3,2.4
NaIn3S5,2.18
Zn2In2S5,2.696
K2Sn3Sb2S10,2.3
PbGa4S7,3.08
Bi2O2CO3,3.42
K2La2Sb2S9,2.2
Ba3MgTa2O9,4.28
Rb3Ag9P4S16,2.6
Ta2O5,4.2
Ge0.7Si0.3,0.88
In0.7Al0.3P,1.9
GdScS3,2.1
GaAs0.4P0.6,2.1
In0.2As0.2Ga0.8P0.8,2.15
In0.4Ga0.6P,2.05
Ga0.4Al0.6As,2.3
PbCoO3,0.28
SiAs2,0.88
Cu4Sn7S16,0.8
Sn2WO5,2.597
La2Sr2PtO7.13,2.52
CsGaS3,3.0
SrTaO2N,1.99
TaZrN3,1.72
Cs4Zr3S14,2.35
TbClWO4,4.24
RbAg5P2S8,2.4
EuGa2S4,2.25
CaSe,4.935
SrS,4.78
KBr,7.6
RbCl,8.277999999999999
Ba3B1.5S6Sb0.5,3.01
PdO,0.8
CsCd4Ga5S12,3.09
Bi3TeBO9,2.6
CuGa0.4In1.6S3.5,1.55
UY4O3S5,1.95
K4GeSe4,0.64
Mn1.95GdIn1.05S5,1.66
K2P2Se6,2.08
Sn3WO6,2.49
LaGaS3,2.5
OsP4,0.5
Pr2Sr2PtO7.07,3.05
Ba4CuGa5S12,2.82
Ca6Bi6O15,3.34
SnS2,2.43
SiSe2,1.73
K2Cd3S4,2.75
Rb2Cu2SnS4,2.08
Rb2Cu2Sn2S6,1.44
CdCl2,5.75
TlCr5S5Se3,0.89
Ce4Ge3S12,2.3
Bi4V2O11,2.0
Rb3Ta2AsS11,2.21
K4GeP4Se12,2.0
ZnIn2S4,2.753
Mg2GeSe4,2.02
La5Cu6.33O4S7,2.0
AgCd3PS6,2.56
Na2RbSb,1.0
LaCuOS,3.12
BaZnOS,3.9
AgO,1.57
AgGaS2,2.655
CuInS2,1.5363333330000002
Cu2CdSnS4,1.385
ZnSiAs2,2.12
Ga0.5P0.5Zn0.5Se0.5,2.13
GaAs0.5P0.5,2.0
ZnSnP2,1.6275
In0.5Ga0.5P,1.9
Ga0.5Al0.5As,2.12
CdGeP2,1.726666667
CuAlSe2,2.6
YbClWO4,4.23
La6Sb4S3O12,2.6
La2O3,5.4
Li0.2Na0.8AsSe2,1.645
Mg3Sb2,0.81
Rh2S3,0.8
Ba4Ge3S9Cl2,2.91
Eu2Ga2GeS7,2.3
Mn2.04Gd1.47In0.49S5,1.75
La3Sb0.33SiS7,1.92
LiBi4Nb3O12,3.0
RbCu2SbS3,1.67
KAg2AsS3,2.25
CsCu2AsS3,2.3
Li2GaGe2Se6,2.64
Ba3ZnTa2O9,4.32
Li2ZnSnSe4,1.87
CeBiW2O9,2.34
K2Cu2ThS4,2.17
Nd4Ge3S12,2.62
BaPrO3,2.0
Na2Hg3Si2S8,2.86
RbAg2TeS6,2.04
Sm3Al0.33SiS7,2.26
Ge0.774Si0.226,1.503
BaSi2,1.3
YbGa2S4,2.3
SnCl2,3.9
LiI,5.84
PrCuOS,3.03
NaAsSe2,1.595
Cs2Ga2S5,3.26
Cu3TaS4,3.0
AgInO2,4.2
CdO,2.3
InN,2.13
BSb,2.6
BeTe,2.89
Ag5IO6,1.4
AgF,2.8
AgAsS2,2.2
CuSbS2,1.39
Sb5O7I,1.95
SmBiW2O9,3.39
Ba4AgGa5S12,2.52
Cu3SmS3,1.82
EuBiW2O9,3.63
CuIn2S3.5,1.43
Ba2InTaO6,4.17
Rb2TiAg2S4,2.33
NdCuOS,2.98
Ba5Ga6GeP12,1.39
K0.8Hg1.2Sn2S8,2.78
Al0.74Gd3Si0.7S7,2.34
CaLa2S4,2.7
LaSi2,0.19
Sm2Mn3Sb4S12,1.5
K2Ta15O32,0.33
Ba3Ta5O14N,2.8
K10Sn3P8Se24,1.82
Ta1.33Zr0.67O0.12N3.03,1.71
GaAs0.6P0.4,1.91
Mn2P2Se6,2.5
In0.8Al0.2P,1.7
Ge0.8Si0.2,0.86
In0.3As0.3Ga0.7P0.7,2.05
Cu3GdS3,1.62
Na2Ge2Se5,2.38
CuIn3S5,1.2
Ba3B1.5S6Bi0.5,2.43
KAg2SbS4,2.2
ErBiW2O9,3.26
Rb2Cu2Sb2S5,1.6
RbInSnS4,2.7
P2Se5,2.2
CsInGeS4,2.25
Rb2Sn3Sb2S10,2.33
HgPS3,2.6
TlCr5S4Se4,0.85
Sb8O11I2,2.72
La3GaGe0.5S7,2.54
CuIn5S8,1.34
KSb5S8,1.745
Dy3Al0.5SiS7,2.22
SmCuOS,2.9
Nd2O3,4.4
SrPbO3,1.78
BaAl4Se7,3.4
Ga0.65Al0.35As,2.0
PbBiBO4,3.2
CaPr2S4,2.9
PbSbBS4,1.803
Ba5Ga6SnP12,1.21
RbCuSb2S4,1.6
Ag2GeS3,1.98
SnO,3.0
InSb2S4Cl,1.8
Bi4PdSe4O12,2.06
K3Cu3Th2S7,2.49
Ge0.838Si0.162,1.319
Ba3BSbS6,2.62
Na2ZnGe2Se6,2.36
K2CdP2Se6,2.58
CaNd2S4,2.7
CBr4,3.7
LaInS2O,2.73
In2S3,2.0
La2ZrS5,2.01
Li2In2SiSe6,2.54
Cu3YbS3,1.56
Ga0.7Al0.3As,1.81
GaAs0.7P0.3,1.8
Ga0.3P0.3Zn0.7Se0.7,2.15
Na2TeSe3,1.91
TaON,2.6
HfO2,5.55
EuCu2SnS4,1.85
HgGa2S4,2.815
La1.86Tb1.14Ga1.67S7,2.67
Pr2.48Tb0.52Ga1.67S7,2.61
Li2HgGe,0.93
KSm2CuS4,2.17
RbInS2,3.3
KGaSe2,2.6
LiBiS2,0.16
MnSe,2.5
BaSn2S5,2.35
Ba2SmTaO6,3.02
Ba4Ga2S8,2.55
Sm2O3,5.0
K2Ag3Sb3S7,2.2
Pb6B2CrO12,1.8
K5In3P6Se19,2.2
Ca4Bi6O13,2.76
CsAg2TeS6,2.04
CaSm2S4,2.05
KBiCu2S3,1.29
Cr3Se4,1.59
PbGa2S4,2.38
KPSe6,2.16
Ag2CdGeS4,2.32
Cu2ZnSiSe4,2.33
Sb3O4I,2.61
Ba7AgGa5S15,2.6
K2Ho4Cu4S9,2.43
Ba1.88Ta15O32,0.13
Ge0.88Si0.12,0.84
TlCr5S3Se5,0.8
Ca2Sn,0.9
TiSe2,1.55
Pb2BO3Cl,3.99
K2Te,1.9
LiInSe2,2.83
Nd2ZrS5,1.83
RbSbS2,2.063333333
KAsSe2,1.625
Cu3ScSe3,0.3
La5In3S9O3,2.6
LaIn3S6,1.03
HfS3,2.916666667
AgIn5S8,1.76
CdIn2S4,2.36
Sb2S3,1.709
Eu2O3,4.5
Eu1.83Ta15O32,0.23
Ge0.891Si0.109,1.126
CeIn3S6,1.11
Cs3Sn3F2Cl7,2.96
Tl2CeP2S7,2.4
LiGaGe2Se6,2.64
AgScP2Se6,1.55
Ge0.9Si0.1,0.8
In0.9Al0.1P,1.5
PrIn3S6,1.14
GaAs0.8P0.2,1.62
In0.4As0.4Ga0.6P0.6,1.85
Cd6P7,0.85
Tb2GeS5,2.1
La3InGe0.5S7,2.61
Na2Hg3Ge2S8,2.68
CaGd2S4,2.55
KAg2SbS3,2.1
CsCu2SbS3,1.63
NdIn3S6,1.15
Cd4P2Cl3,2.205
K2CuGa3Se6,1.72
La4FeSb2S10,1.0
LiPbSb3S6,1.6
LaTaN2O,2.0
BaTaO2N,1.78
Gd2O3,5.3
Pb6B2MoO12,2.9
K2CuNbSe4,2.14
Cs2AgVS4,1.77
LiSbSe2,0.68
SmIn3S6,1.18
LaS1.86Se0.14,2.5
Ba3Bi2TeO9,2.3
Ge0.92Si0.08,0.72
Gd6Ge2.5S14,2.2
CeTaN2O,1.9
La2Ga0.33SbS5,1.76
K4In4P6Se20,2.2
Ga0.85Al0.15As,1.6
BaCuSbS3,2.0
Cu2Se,1.284
RuPAs,0.8
In4S5,0.9
GdIn3S6,1.13
Cs2Sn3Sb2S10,2.34
InP2Se4,1.29
Na2CdGe2Se6,2.37
Ge0.93Si0.07,1.042
Na2BaGeSe4,2.25
RbAg2SbS4,2.3
Ho2GeS5,2.5
CuFeSe2,0.155
TbIn3S6,1.2
Tb2O3,3.0
HgSnO3,1.6
Ca2CdAs2,0.95
PrTaN2O,2.0
SrBiO2Cl,3.52
Ge0.9355Si0.0645,1.042
SrLa2S4,2.85
Rb4GeP4Se12,2.0
K2FeGe3Se8,1.95
K4Ag9Sb4S12,2.0
KZrPSe6,2.0
DyIn3S6,1.22
Li2In2GeSe6,2.3
RuAsS,1.2
FeAsSe,0.6
NaSb,0.82
KCuThS3,2.95
NaCd4P3,1.1
Gd2ZrS5,1.88
PdS,0.5
HoIn3S6,1.23
Bi2AsO4Cl,3.43
Gd3.04Sc0.96S6,1.5
ErIn3S6,1.28
Ga0.1P0.1Zn0.9Se0.9,2.3
GaAs0.9P0.1,1.5
Ba3GeS5,3.0
K2MnSnSe4,1.7
CaBi2O4,3.08
BaIn2S4,3.057
BaCdSnS4,2.3
CsInSnS4,2.9
Ag2PdO2,0.18
Dy2O3,5.0
Zn3As2,0.948888889
TlCr5S2Se6,0.75
In6S7,0.845
CsCuSb2S4,1.7
InSb2S4Br,1.8
K2Ge4Se8,1.8
YbIn3S6,1.31
Bi7F11O5,4.05
Ir0.67S2,2.0
K2Hg3Ge2S8,2.67
CsKP2Se8,2.36
Rb2Cd3S4,2.92
PdPAs,0.45
CoSbS,0.305
CoAsSe,0.2
Na7.36Ga7.24Sn4.78Se24,1.5
LuIn3S6,1.27
SrPr2S4,2.7
Ba2NdGaS5,2.12
La4InSbS9,2.07
K2RbSb,1.2
NaBiS2,0.41
RbIn5S6,2.5
AgS,1.1414285709999998
ZnAs,0.9
CoAs3,0.4
NaGaGe3Se8,2.35
Ga0.05P0.05Zn0.95Se0.95,2.4
K0.6Cs0.4PSe6,2.1
La4Cd4In2S13,2.27
Pb2MnO4,1.5
EuSb4S7,0.98
Sm4GaSbS9,2.23
Ho2O3,5.42
Na2EuGeSe4,2.0
Ba23Ga8Sb2S38,2.84
BaLa2In2S7,1.87
PdPSe,0.15
RhSSe,0.7
PbMnIn2S5,1.45
Ag0.5Eu1.75GeS4,2.14
SrNd2S4,2.45
Ba3CdSn2S8,2.75
Ag3AsS3,2.07225
LiBi3O4Cl2,3.35
Cs2Cu2Sb2S5,1.6
Ba3Sb2S7,2.4
La2O2MnSe2,1.6
In0.99Al0.01P,1.3
La8Sb2S15,2.3
K3Ga3Ge7Se20,2.23
Rb3Al3Ge7Se20,2.4
GaAs0.99P0.01,1.035
In0.7P0.7Ga0.3As0.3,1.58
Na2CsSb,0.8
BaO,4.8
NaI,6.074
CsF,10.0
Zr3O,0.2
La2O2FeSe2,0.7
LaZnAsO,1.5
LaCuOSe,2.83
NaInSe2,2.8
Er2O3,5.42
K2HgP2Se6,2.25
RbPSe6,2.18
AgInS2,1.926666667
ZnAs2,1.026666667
Ag2SnS3,1.353333333
ZnGeAs2,1.103333333
Ga0.01As0.01Zn0.99Se0.99,2.595
ZnSe,2.77513125
Ga0.1As0.1Zn0.9Se0.9,2.34
Ga0.15As0.15Zn0.85Se0.85,2.25
Ga0.4As0.4Zn0.6Se0.6,1.8
CdS,2.534718519
Ga0.5As0.5Zn0.5Se0.5,1.52
Ga0.75As0.75Zn0.25Se0.25,1.51
Ga0.85As0.85Zn0.15Se0.15,1.47
Ga0.99As0.99Zn0.01Se0.01,1.41
GaAs,1.48194
In0.1P0.1Ga0.9As0.9,1.6
In0.2P0.2Ga0.8As0.8,1.58
In0.4P0.4Ga0.6As0.6,1.74
CdSiAs2,1.524
In0.5As0.5Ga0.5P0.5,1.55
In0.5P0.5Ga0.5As0.5,1.75
Cu2ZnGeSe4,1.63
Ge0.97Si0.03,0.67
Ge0.999Si0.001,0.65
Cu3AsSe4,0.765
Cu2GeSe3,0.975
CuGaSe2,1.613333333
In0.9P0.9Ga0.1As0.1,1.32
In0.99P0.99Ga0.01As0.01,1.3
InP,1.368835
AgAlSe2,2.55
CdSnP2,1.30625
SiSn,0.59
Cd0.01Te0.01Al0.99Sb0.99,2.21
AlSb,1.6518
MgTe,3.6
Ga0.3As0.3Zn0.7Se0.7,1.93
Ga0.58As0.58Zn0.42Se0.42,1.67
In0.3P0.3Ga0.7As0.7,1.67
In0.8P0.8Ga0.2As0.2,1.4
AgCl,5.13
CuBr,2.998325
TlPS2,1.65
Ga0.99In0.01As,1.4
Cu0.99Ga1.01Se2.01,1.59
Zn0.99Cd0.01Se,3.125
CdS0.99Se0.01,2.4
K8Zr6Se30,1.86
Cu0.9Ga1.1Se2.1,1.5930000000000002
K3Nb2AsSe11,1.53
Gd4GaSbS9,2.41
Pb4Ga5GeS12,2.35
CeMn0.5OSe,2.01
EuIn2S4,1.5
CsAgSb4S7,2.04
Cu0.8Ga1.2Se2.2,1.58
TlCuCl3,2.98
Ag2.7Ba6Sn4.3S16,1.48
Ba2In2S5,2.47
Cs2TiAg2S4,2.44
Ce8Sb2S15,1.99
Tl2BiP2S7,1.8
TlInGeS4,2.3
Ce2O2FeSe2,0.64
Na2GeIn2Se6,2.47
Rb2CdP2Se6,2.58
La2S3,2.77
Tm2O3,4.53
Tb4GaSbS9,2.44
Ca3Sb2,1.4
PbGeS3,2.4
CuGa2Se4,0.63
Cu0.5Ga1.5Se2.5,1.76
CuGa3Se5,1.816666667
CeN,0.7
NaSbSe2,1.386666667
Dy3GaS6,2.81
TlCr5SSe7,0.71
LiBi4Ta3O12,3.5
AgSbS2,1.923333333
InS,2.0125
GeAs,1.37
GaSe,2.083596154
SbSi,1.9
Ba3FeS4Br,1.65
La2YbCuS5,1.45
Cu0.35Ga1.65Se2.65,1.81
La2O2ZnSe2,3.4
Cu3YSe3,0.88
AgGaSiSe4,2.63
ZnGa2Se4,1.72
CuGaGeSe4,1.38
Yb4Sb2S11.25,1.71
Sr8Ga16Ge30,0.05
K2PdSe10,1.48
Ba4Sb3S8Cl,2.09
LiMgBi,0.4
K3NaSn3Se8,2.2
K2Au2Sn2S6,2.3
Dy4GaSbS9,2.58
Na2Hg3Sn2S8,2.45
Ca5Bi14O26,2.6
GeAs2,1.053333333
PbO2,1.61
Ba7Sn5S15,2.29
Ag4Ba6Sn4S16,2.37
Cu0.2Ga1.8Se2.8,1.86
Cu0.15Ga1.85Se2.85,1.92
EuSb2S4,1.2
Ag7AsS6,1.0
Cu0.05Ga1.95Se2.95,1.96
Ce2YbCuS5,1.37
Yb2O3,5.22
Sm4InSbS9,2.13
Ga2Se3,2.07
Ce2S3,1.12
CdBiO2Cl,3.08
Cu0.01Ga1.99Se2.99,1.99
CsRbP2Se8,2.41
CsAg2AsS3,2.7
Lu2CrS4,1.75
Ba8Sn4S15,2.31
RbZrPSe6,2.0
Na2BaSnSe4,2.46
Pr2YbCuS5,1.25
Cu3NbSe4,2.45
SnS,1.196727273
GeSe,1.182777778
SnS0.99Se0.01,1.095
Ba3InS4Cl,3.42
Pr2S3,2.64
Lu2O3,5.5
Nd2YbCuS5,1.35
Pb3Br2Se2O6,3.73
Cs4Pb4Ge5S16,1.95
Li0.5Pb1.75GeS4,1.95
La2HfS5,0.7
SmCuOSe,2.6
GaAs0.86Sb0.14,0.66
ScNiSb,0.11
VFeSb,0.46
TiCoSb,0.95
K2Cu2Sn2Se6,1.04
GeSe2,2.38125
Rb4Ag9Sb4S12,2.0
K2MnSn2Se6,2.0
BaIr2Ge4S6,1.539
Ba12In4S19,2.56
PrO,0.55
CsLuCoS3,1.34
TlScS2,1.51
KBiS2,0.893333333
Eu3Sb4S9,1.2
Nd2S3,2.65
Ag8GeS6,1.18
BaGa2SiSe6,2.88
As2Se3,1.785714286
Cs6Na2Zn4Ge42,0.297
K6CdTe4,2.51
TiNiSb,0.42
Sm2YbCuS5,1.28
Ba4Si3Se9Cl2,1.76
BaAgSbS3,2.2
Na2In4SSe6,1.92
K1.83Cd1.83Bi2.17S6,1.37
SrMgSnSe4,2.0
BaZnSiSe4,2.71
KGaSnSe4,1.73
YbSb2S4,1.12
K2Hg3Sn2S8,2.45
Rb2Hg3Ge2S8,2.8
TiTlS2,1.0
TlCr5Se8,0.67
Na0.5Pb1.75GeS4,2.08
Ga0.8In0.2As,1.07
In0.6As0.6Ga0.4P0.4,1.25
CdS0.8Se0.2,2.23
K2ZnSn2Se6,1.71
K2AgSnSe4,1.8
Cs6.40Na1.60Ga8Ge38,0.221
SrGe2,0.9
Ba2AgInS4,2.32
KInSe2,2.68
CsInS2,3.4
Nd2HfS5,0.7
Ba2HgS5,2.4
Ba2BiGaS5,2.38
Ag2O,1.5324
TaGaS2,2.7430000000000003
BiCuOS,1.07
AgGaGe5Se12,2.14
SbSBr,2.2
AsSI,2.05
Cs2AgBiCl6,2.77
Tl4Nb2S11,1.8
CsPSe6,1.9
Zn0.75Cd0.25Se,3.25
CuZn2InSe4,1.1
GaAs0.75Sb0.25,0.65
Cu2ZnSnSe4,1.44
Cu2CdGeSe4,1.2
Cu3SbSe4,0.355
Cs4GeP4Se12,2.0
Ag3SbS3,2.048083333
AgGaGe3Se8,2.17
ReSi2,0.148333333
Cs2P2Se8,2.44
SnGa4Se7,2.55
Sm2S3,2.98
K2ZnTe2,3.0
BaBiO2Cl,3.71
K2Au2SnS4,2.75
Cs5P5Se12,2.17
CdSc,1.714
LiGaTe2,2.31
KSbSe2,1.47
CsSbS2,2.8
Zn0.9Hg0.1Se,1.75
AsBr3,2.6
Rb7Th2P6Se21,2.07
K6Cd4Sn3Se13,2.33
HgIn2S4,2.0
CuBiP2Se6,1.2
Ce1.3Lu0.7S3,1.25
HfS2,2.9
Ag3Ga3SiSe8,2.3
Cs10Cd4Sn4S17,3.16
GaAs0.7Sb0.3,0.67
Ga0.7In0.3As,1.0
Cd3P2,0.5555
SnS0.8Se0.2,1.05
K2CuIn3Se6,1.68
BaGa4Se7,2.64
CsZrPSe6,2.0
Pr1.29Lu0.71S3,1.38
KSb,0.9
EuN,1.25
Rb2CuNbSe4,2.19
KBaAsSe3,2.26
Cs2MgGe3Se8,2.04
Cu2SnSe3,0.765
PbCuSbS3,1.31
Cu0.5Pb1.75GeS4,1.48
Nd1.33Lu0.67S3,1.5
CuInGeSe4,1.3
CdGa2Se4,2.376666667
CdS0.65Se0.35,2.13
GaAs0.65Sb0.35,0.68
KCd4Ga5Se12,2.16
Gd2S3,2.55
AgFeSe2,0.23
Rb2HgP2Se6,2.32
Rb3Nb2AsSe11,1.5
K2Cd3Se4,2.36
Mg2Pb,0.0969999999999999
OsP2,1.165
ThO2,3.4
BaGa2GeSe6,2.515
Zr6O,0.18
Cs2PdP2Se6,1.6
Pb3Cl4TeO3,3.79
Bi12SiO20,3.225
Bi12PO20,3.25
GdN,1.54
EuO,1.119
KCeSe4,1.54
ZrSe3,1.45
Bi24VO41,3.25
K9Bi13S24,1.4
Bi3In4S10,1.42
KFeCuTe2,1.06
Ga0.6In0.4As,0.81
Cs2CdP2Se6,2.63
IrP2,1.05
OsPS,1.4
ReS2,1.143333333
Hg6P6In2Cl9,3.13
Bi12TiO20,3.09
Ho2HfS5,1.0
Zn0.85Hg0.15Se,1.8
Cs2SnP2Se6,2.06
Cs4Ag9Sb4S12,2.0
K3Ta2AsSe11,1.45
Ba4LiGa5Se12,2.65
RbMn4In5Se12,1.76
K2CsSb,1.1
LaP,0.54
SrSe,4.42
CaTe,4.185
BaS,3.89
RbBr,7.45
KI,6.132777778
CsCl,7.95
UO2,2.18
Dy2S3,2.955
Ba2BiInS5,1.55
ZrSe2,2.0
PtP2,0.7
OsS2,2.0
RbCd4Ga5Se12,2.19
TlGaS2,3.4
Pb10B3O13Br3,3.25
PbSnS3,0.975
Bi12GeO20,3.25
BiOCl,3.455
CdS0.55Se0.45,2.05
Bi24BO39,2.91
Rb2Hg3Sn2S8,2.48
Eu3S4,1.7
Cu3GdSe3,0.14
PbGa2SiSe6,2.17
Pt0.97S2,0.95
Ag0.5Pb1.75GeS4,1.83
BaZnGeSe4,2.46
BaGa2Se4,3.1630000000000003
RbGaSnSe4,1.88
Cu3TbSe3,0.16
Cs2ZnGe3Se8,2.31
K2AgIn3Se6,1.64
Rb2Cu2Sn2Se6,1.04
NbSe2,1.4
IrS2,0.9
Cd4P2Br3,2.19
Ho2S3,0.5
Al2Te3,2.35
AgBiP2Se6,1.4
BaZn2As2,0.23
Cu3DySe3,0.2
NaIn3Se5,2.17
DyN,2.35
ZnTc,2.37
LaCuOTe,2.31
BaCuTeF,2.3
ZnSnAs2,0.703333333
Ga0.5In0.5As,0.75
CdGeAs2,0.658888889
AgGaSe2,1.673833333
Zn0.5Cd0.5Se,2.95
CuInSe2,0.951714286
Cu2CdSnSe4,0.96
CuAlTe2,2.06
TlAsS2,2.185
Cu0.99In1.01Se2.01,1.08
K4Hf3Se14,2.02
Cu3HoSe3,0.16
Rb2BaNb2Se11,1.53
RbNb4Br11,0.46
Ba4Ge3Se9Cl2,1.89
KTbSe4,1.65
Ag2S,1.0325
Cu2Te,1.0725
RuAs2,0.8
MoSe2,1.6
PtS2,0.75
Cu0.95In1.05Se2.05,1.07
CsMn4In5Se12,1.79
RhSe3,0.7
Rh0.67Se2,0.7
BaRh2Ge4Se6,1.089
Tl6CuTe2O10,2.3
Ru2Ge3,0.43
Si2Te3,2.0925
PbSbO2Br,2.67
RbZn4In5Se12,1.76
CsCd4Ga5Se12,2.21
Cs39Cl6Ga53Se96,2.74
Cu0.9In1.1Se2.1,1.06
HoN,1.856666667
GaTc,1.42
Cu3YbSe3,0.2
RhAs2,1.15
TcSe2,0.88
Zn0.8Hg0.2Se,1.4
AgAsSe2,1.4
CuSbSe2,1.05
Hg3ZnS2Cl4,2.65
InBi2S4Cl,1.5
Bi25TiO39,3.1
Ba4CuGa5Se12,1.45
Tl2Cu2SnS4,1.4
Bi25FeO39,2.8
Zn0.43Cd0.57Se,2.85
KAu5PS8,2.14
Ge40.0Te5.3I8,0.8
Sr3GeSb2Se8,0.75
FeIn2Se4,1.15
Tl2O3,2.25
Bi25GaO39,2.99
BaGa2SnSe6,1.775
Bi14.7In11.3S38,1.45
NdCuOTe,2.26
EuGa2Se4,2.16
Rb2TeBr6,2.14
RuSe2,1.0
Rb1.54Cd1.54Bi2.46S6,1.33
Sr2Bi5.42La2.58S14,1.0
Sm2Sc3,2.3
In0.8As0.8Ga0.2P0.2,0.85
ErN,2.7
BaCu2SnSe4,0.48
Ba4Ga4GeSe12,2.18
Cs5BiP4Se12,1.85
MnSb2Se4,0.31
Pb2O3,1.67
Bi38ZnO58,2.88
CsZn4In5Se12,1.61
CsYZnSe3,2.35
RhSe2,0.6
TlS2,1.8
ZnIn2Se4,1.955
Rb3Sb2Br9,2.48
Cu0.7In1.3Se2.3,1.1
Tl4CuTeO6,2.2
Na0.75Eu1.625GeSe4,2.0
La2Ge2Se7,1.08
Gd1.05Sc0.95Se3,1.2
Hg4P2ZrCl6,3.22
CdS0.35Se0.65,1.93
Ba5CdGa6Se15,2.6
KBaSbSe3,2.04
ThOS,2.22
RbBiS2,1.273333333
Cs2Ga2Se5,1.95
Ce2Ge2Se7,1.1
CdAs2,1.066666667
Ag2GeSe3,0.905
CuCdInSe3,1.66
PdSe2,0.4
Tl4Ta2S11,1.26
PbGa2GeSe6,1.96
HgCl2,4.45
Bi2O3,2.855
EuYb2S4,1.6
Pr2Ge2Se7,1.32
BaPdSe6,2.15
Zn0.75Hg0.25Se,1.4
K2Gd2Sb2Se9,1.33
Hg3S2Bi2Cl8,3.26
Cu2WSe4,1.65
YbGa2Se4,1.8
CsLu7S11,1.86
GaGeTe,1.1
Ba4Ga4SnSe12,2.16
SnS0.4Se0.6,1.0
Zn3Sb2,0.176666667
Ba2AsGaSe5,1.39
Cu0.5In1.5Se2.5,1.24
CuIn3Se5,0.6
Cs3Nb2AsSe11,1.35
Ga0.28In0.72As,0.55
SmP,1.09
MnTe,1.3
BiCuOSe,0.82
Se3Te,1.7525
Eu3In2P4,0.452
Cs2Ta2P2Se12,2.29
Cs4Ta4P4Se24,2.38
CsHgInS3,2.3
KBi3S5,1.21
Sn2S,0.9
BiSCl,1.91
PbCl2,3.953333333
Cu2ZnSiTe4,1.47
Cu0.4In1.6Se2.6,1.32
La3Sb0.33SiSe7,1.75
CsGaSnSe4,1.97
Cs2MgSn3Se8,1.92
CsInGeSe4,2.32
Ba3BSbSe6,1.89
Cs2PdSe8,1.5
Cu0.35In1.65Se2.65,1.19
SmS,2.3
LiInTe2,1.46
RbSbSe2,1.62
CsAsSe2,1.93
Zn4Sb3,1.1
CsGaSn2Se6,1.87
Rb9Bi13S24,1.3
La3CuGaSe7,1.36
Cu0.3In1.7Se2.7,1.21
Ba2GaYSe5,2.31
Ba5Ga4Se10,2.2
La3CuGeSe7,2.0
In0.9As0.9Ga0.1P0.1,0.45
Ga0.2In0.8As,0.5
GaAs0.2Sb0.8,1.02
Pb6BBrO7,2.84
Na2Hg3S2.51Se1.49,2.03
Ga1.1Sb0.9Se0.3,0.67
InBi2S4Br,1.5
YNiSb,0.235
ScPdSb,0.23
Rb2Cd3Se4,2.37
SnSe2,1.62
SiTe2,2.015
CdBr2,4.47
Tl4GaIn3S8,2.63
Cu0.2In1.8Se2.8,1.26
Ag3AsSe3,2.088428571
EuS,1.661666667
Cs2CuNbSe4,2.19
LiSbTe2,0.129
La2GeSe5,1.24
Cu0.15In1.85Se2.85,1.32
PbBiO2Cl,2.45
Zn0.15Cd0.85Se,2.55
GaAs0.15Sb0.85,1.1
ZrNiSb,0.55
BaCuSbSe3,1.6
HgGa2Se4,1.95
Cu0.1In1.9Se2.9,1.45
Pb3O4,2.12
Ba3Nb2Se9,1.3
CuSmSe2,2.1
Ce2GeSe5,1.7
CuFeTe2,0.16
SnS0.25Se0.75,0.965
Ba5In4Te4S7,2.13
RbYbZnSe3,2.07
Ba4Ga2Se8,1.63
Hg3PS4,2.03
Bi6Cu3S10I,0.72
Cs1.43Cd1.43Bi2.57S6,1.28
Cu0.01In1.99Se2.99,1.45
BaGe2,1.0
TaN,2.3
Pr2GeSe5,1.8
PdSe,0.2
NiTe,0.23
Tl2AuPS4,2.2
In2Se3,1.2
PbGa2Se4,1.83
SbSeBr,1.855
SbSI,1.925
AsSeI,1.76
SnBr2,3.45
Ga1.05Sb0.95Se0.15,0.66
RbCd4In5Se12,1.57
Bi9O7.5S6,1.27
Cs2ZnSn3Se8,2.12
Cs4Cu3Bi9S17,0.75
CdTlS2,1.5
InSb2Se4Br,1.35
CdSb2Se3Br2,1.4
Cu3YTe3,0.72
CdIn2Se4,1.608
Hg4P2HfCl6,3.26
Bi5O7I,2.76
Cd4As2Br3,1.863333333
CuPbBiS3,0.12
TlTaS3,0.78
PbSbO2I,2.48
Ag7AsSe6,1.0
Ba2GaSbSe5,2.51
Rb3Sb,1.0
NaBiSe2,0.316666667
ZnSb,1.083333333
AgBiS2,0.9
TlInS2,2.3175
GaAs0.05Sb0.95,1.28
ZnHg3Se2Cl4,2.23
Ga1.02Sb0.98Se0.06,0.63
Hg4As2ZrCl6,2.48
K2Hg3S2.69Se1.31,2.28
CsYCdSe3,2.56
Ba2ZnSe3,2.75
Zn0.65Hg0.35Se,1.0
CsInSn2Se6,1.78
Sb2Se3,1.161111111
In5Se6,0.14
Ce2Sn3Se9,0.3
Ga1.01Sb0.99Se0.03,0.65
CsCd4In5Se12,1.62
In6Se7,0.63875
Ba5Ga2Se8,2.51
La4FeSb2Se10,0.85
Ag1.75InSb5.75Se11,0.94
GaAs0.01Sb0.99,1.37
Ga1.005Sb0.995Se0.015,0.662
K2.15Pb1.7Sb8.15Se15,0.6
Hg0.01Cd0.99Se,1.37
Cs4In8GeSe16,2.2
Ga1.002Sb0.998Se0.006,0.699
Ga1.001Sb0.999Se0.003,0.7124999999999999
Ga0.95Sb0.95Zn0.05Te0.05,0.85
NaInTe2,1.6
In0.96As0.96Cd0.04Te0.04,0.69
In0.97As0.97Cd0.03Te0.03,0.71
In0.98As0.98Cd0.02Te0.02,0.73
In0.99As0.99Cd0.01Te0.01,0.53
InAs,0.396785714
AgInSe2,1.182857143
Ag2SnSe3,0.783333333
CdSnAs2,0.363333333
GeSn,0.7
CdSe,1.858412
Ga0.99Sb0.99Cd0.01Te0.01,0.72
GaSb,0.778253333
Ga0.01Sb0.01Zn0.99Te0.99,2.1
ZnTe,2.288333333
CuGaTe2,1.09
AgAlTe2,1.85
Ga0.9Sb0.9Zn0.1Te0.1,1.0
AgBr,2.52
CuI,3.0264
TlSbS2,1.69
TlPSe2,0.55
Ga0.8Sb0.8Zn0.2Te0.2,1.15
Pb17O8Cl18,3.44
CdS0.01Se0.99,1.68
InSb0.01As0.99,0.17
Hg0.01Zn0.99Te,2.235
Cs2Bi2Cd2S5,1.7
Ba6Ga2SnSe11,1.99
Ba2InYSe5,2.31
Pb14B2O14Br6,2.62
Ga1.02Sb0.98Te0.06,0.68
Nd2Sn3Se9,0.5
Se0.6Te0.4,1.2
Tl3VS4,1.81
Ga1.05Sb0.95Te0.15,0.68
Cs2TeBr6,2.12
K2Cd2Te3,1.93
BaIn2Se4,2.625
Sm2Sn3Se9,0.7
Ba2GaNdSe5,2.18
In0.95As0.95Cd0.05Te0.05,0.68
Ga0.95Sb0.95Cd0.05Te0.05,0.74
InSn2As2Se,0.2
CsSmZnSe3,2.53
NaSbTe2,0.47
Ba2SnSe5,1.8
InSnAsSe,0.26
AgSbSe2,0.6920000000000001
InSe,1.254725
GaTe,1.670076923
In0.94As0.94Cd0.06Te0.06,0.68
Pb2Bi5.9La2.1S14,1.0
Eu3Bi4S9,1.18
Ga1.1Sb0.9Te0.3,0.7
Cs3Sb2Br9,2.3
Hg7InS6Cl5,2.54
Fe2Te3,0.47
Cs2Bi8.81La1.19S16,1.0
In0.93As0.93Cd0.07Te0.07,0.68
RbMn4Ga5Te12,1.53
Ba2GaSmSe5,2.27
K2Au2Sn2Se6,2.28
OsAsS,1.3
OsPSe,1.4
Ga2GeTe3,0.845
BaIr2Ge4Se6,1.332
Sm2ZrSe5,1.41
Ba2GaGdSe5,1.87
Cd0.55Te0.55Al0.45Sb0.45,1.93
InSb0.1As0.9,0.14
In0.9As0.9Cd0.1Te0.1,0.69
Ga0.9Sb0.9Cd0.1Te0.1,0.78
Pb4Ga5GeSe12,1.91
CaI2,5.98
Rb2Te,4.5
CsYbMnSe3,1.595
BaHgS2,1.93
CrSb2,0.15
TiTe2,1.0
Ag8SnSe6,0.71
Cd3As2,0.2695
PtPAs,0.4
Cu2Ga4Te7,1.13
AsSb,1.6
SnSe,0.991666667
BiOBr,2.924
SnS0.01Se0.99,0.92
Ba2GaDySe5,2.35
K2Sb8Se3,1.31
La10OSe14,2.04
Ba4CuInSe6,2.23
BaLa2In2Se7,1.66
Ba2In2Se5,2.12
Ga0.95Sb0.95Hg0.05Te0.05,0.69
La4InSbSe9,1.76
Ba3SnSb2Se8,0.97
Rb3Bi2Br9,2.62
CsYbCoSe3,0.95
Ba2GaErSe5,1.95
CsCdInSe3,2.4
IrSSe,1.2
Tl3CuNb2Se12,0.8
Cd4P2I3,2.17
EuIn2Se4,1.31
Ba2InSbSe5,1.92
CuGa3Te5,1.092
CsMn4Ga5Te12,1.55
RbTbSe2,2.5
CsErZnSe3,2.595
TlScSe2,0.79
KBiSe2,0.66
CsBiS2,1.416666667
Hg0.06Zn0.94Te,2.075
AsTe,0.74
Ce4InSbSe9,1.69
La2YbCuSe5,1.15
Ce10OSe14,1.93
Ba2SnSe4,1.9
Rb2CdBr2I2,3.35
In4Se3,0.645
Hg0.1Cd0.9Se,0.35
CrTe2,0.17
Cs4BiAs3Se7,1.02
TiTlSe2,0.56
Sn2SbS2I3,1.5
Ce2YbCuSe5,1.05
Pr4InSbSe9,1.89
InSb0.2As0.8,0.12
Cd0.6Te0.6Al0.4Sb0.4,1.8
Bi2S3,1.32
Ga0.8Sb0.8Cd0.2Te0.2,0.8
CsYbZnSe3,2.035
Pr10OSe14,1.89
Ba2Cu2ThSe5,1.75
LuP,1.3
YbS,1.135
CsInSe2,2.81
TaGaSe2,2.0585
CoSb2,0.185
RuSbSe,0.9
EuSb2Se4,0.95
Hg0.08Zn0.92Te,1.9
TlHgInS3,1.74
Se0.5Te0.5,1.0
SeTe,1.58
Nd4InSbSe9,1.57
Cd5Ga2S2Te6,1.29
Hg3Te2Bi2Cl8,2.8
Hg4As2HfCl6,2.47
Ba6Sn6Se13,1.52
La2Se3,1.773333333
Sn3As2,0.47
PbBiO2Br,2.385
Eu2SnSe5,1.07
Zn0.55Hg0.45Se,0.8
CuZn2InTe4,1.05
Cu2ZnSnTe4,1.39
Hg3PS3,1.98
CoTe1.88,0.2
K2Cd3Te4,2.26
AgPbBiS3,1.2
Nd10OSe14,1.98
Ba2InNdSe5,2.2
CsSbSe2,1.7
Hg0.1Zn0.9Te,1.785
Ga0.9Sb0.9Hg0.1Te0.1,0.65
Cu3SmTe3,0.23
Ce2Se3,1.75
Ga2Te3,1.4
CI4,2.26
TlCu3Lu2Se5,2.12
MnI2,4.22
Ba4AgInSe6,2.41
Ba2InSmSe5,2.22
Tl2TeS3,1.6
Eu3Sb4Se9,1.08
InSb0.3As0.7,0.11
Na0.5Pb1.75GeSe4,1.6
Eu3P2,1.2
Cd3In2S2Te4,1.23
CsCeCdSe3,2.4
Tm4Sb2Se11.68,1.22
Cu3GdTe3,0.52
Ba2InGdSe5,2.24
Cs2Hg4.65Cd1.35S7,1.84
Sr8.007Ge2.043Bi7.949Se24,0.74
K2Hg3S1.03Se2.97,2.11
FeI2,5.15
HgBrCl,3.4
Pr2Se3,1.85
ThOSe,1.65
Dy4S4Te3,1.43
Ba2GaBiSe5,2.21
Cu3TbTe3,0.46
HgO,2.347
TlN,1.4
In2Se,0.722666667
Ba2InDySe5,2.27
Cu3DyTe3,0.34
Hg0.2Cd0.8Se,0.45
AgFeTe2,0.3675
Cu3HoTe3,0.26
Ba3Ta2Se9,1.6
Tl2.35Sb8.65Se14,0.6
Ba2InErSe5,2.29
Hg8As4Bi3Cl13,2.43
Rb1.45Pb3.1Sb7.45Se15,0.45
Nd2Se3,1.725
As2Te3,1.67375
Cu3ErTe3,0.24
CsSmCdSe3,2.46
Zn0.5Hg0.5Se,0.675
CuTlSe2,1.07
Hg0.14Zn0.86Te,1.695
Cu3TmTe3,0.14
La3LuSe6,1.26
InSb0.4As0.6,0.1
Hg4As2UCl6,1.9
BiSBr,1.9
Ir0.67Se2,0.45
Se0.4Te0.6,0.7
Hg3Te2UCl6,2.6
HgIn2Se4,0.6
Ce3LuSe6,1.1
Rb2CsSb,1.5
SrTe,3.75
BaSe,3.626666667
RbI,6.185
CsBr,6.99
Cs2AgBiBr6,2.19
CoSb3,0.495
TlGaSe2,1.65
InAsI,0.41
Ba3ThSe7,1.96
CsTb9Cd4Se18,1.95
Sm2Se3,2.3
Ba8Hg4S5Se7,1.98
YPdSb,0.27
ErSe2,1.07
K2TeI6,1.38
GeTe2,0.3
ZnI2,4.53
CsDy9Cd4Se18,1.99
InSb0.5As0.5,0.1
ZnSnSb2,0.35
AgGaTe2,1.1
CuInTe2,0.916
TlAsSe2,1.375
Eu2Se3,1.02
CsHo9Cd4Se18,2.06
PbSb2Se4,1.8
Hg0.3Cd0.7Se,0.55
RbCd4Ga5Te12,1.64
Hg6.5As4CdCl6,1.955
CsEr9Cd4Se18,2.09
GeI2,1.5
PrAs,1.0
CsYHgSe3,2.54
Cs2Hg3S4,2.8
Gd2Se3,2.2
Hg0.2Zn0.8Te,1.43
AgAsTe2,0.8
SbSeI,1.72
Cs3Bi2Br9,2.5
Ag0.5Pb1.75GeSe4,1.51
CsTm9Cd4Se18,2.16
Cs2Hg5.75Cd0.25S7,1.66
Cd4As2I3,2.095
PrLuSe3,1.56
InSb0.6As0.4,0.13
Eu3Se4,0.58
NdAs,1.04
CsMn4In5Te12,1.48
Cs2ZnGe3Te8,1.07
NdLuSe3,1.61
CsCd4Ga5Te12,1.67
HfSe2,2.2
Sn2BiS2I3,1.06
Pb4Sb6Se13,0.65
Cs2Hg6S7,1.63
EuTb2Se4,2.0
Er3SmSe6,2.0
RbBiSe2,0.846666667
PtS,0.606666667
Zn0.4Hg0.6Se,0.46
Ag2GeTe3,0.16
SrPb3Br8,3.2
BiBr3,2.66
Cs2Cu3DyTe4,1.38
Tl2TeBr6,2.06
Cs2HgI2Cl2,2.15
CuInCd2Te3,0.7
Sm1.82Lu2.18Se6,1.51
Ba3Sn0.87Bi2.13Se8,0.79
Hg0.25Zn0.75Te,1.31
Tl2InGaSe4,2.05
EuDy2Se4,1.8
InSb0.7As0.3,0.16
Rb2Cd3Te4,2.3
OsAs2,0.91
WSe2,1.465
Ge2Sb2Te5,0.5
Hg0.4Cd0.6Se,0.7
Pb6Sb6Se17,0.8
CsZn4In5Te12,1.61
Gd1.87Lu2.13Se6,1.56
SmAs,1.03
Tl3TaS4,2.44
Cu2In4Te7,1.1
EuHo2Se4,1.8
EuGa2Te4,1.7
Er2Se3,1.66
Hg7.5As4Cl6,1.727
IrAs2,1.0
OsSbS,1.2
ReSe2,1.07
In2GeTe3,0.69
CuCd2InTe4,0.85
EuEr2Se4,1.7
SmSe,0.46
RbSbTe2,0.38
PtAs2,0.6166666670000001
HgS,2.1
AlBi,0.4
ZnIn2Te4,1.873333333
BiOI,2.005
AsI3,2.433333333
EuTm2Se4,1.8
Cd0.9Te0.9Al0.1Sb0.1,1.36
InSb0.8As0.2,0.21
InBi2Se4Br,1.21
IrSe2,0.95
Se0.2Te0.8,0.4
EuYb2Se4,1.3
CuIn3Te5,1.1065
GdAs,0.63
EuSe,3.1
CdIn,0.6
TlS,1.365
Hg2Cl2,3.38
K1.46Sn3.09Bi7.45Se15,0.39
RuSb2,0.3
MoTe2,1.126666667
PtSe2,0.1
EuLu2Se4,1.7
CsLu7Se11,1.78
CsLaHgSe3,2.485
RuSbTe,0.5
AgTlSe2,0.72
Hg0.5Cd0.5Se,0.8
PbS,0.362071429
TlCl,3.4182
In2Bi3Se7I,1.38
InSb0.9As0.1,0.27
Cd0.95Te0.95Al0.05Sb0.05,1.37
Ba2GaYTe5,1.08
PbSe0.01S0.99,0.366
CsCeHgSe3,1.94
CsGeI3,1.6
Cd3Sb2,0.3
Eu7Ga6Sb8,0.6
Cd4Sb3,1.25
Rb3Sb2I9,1.94
MnTe9,2.0
Rb2TeI6,1.4
RhSbTe,0.5
RuTe2,0.25
CuPbBiSe3,0.07
TlPTe,0.3
Cs3As,0.6
DyAs,1.0
CdSb,0.496941176
AgTe,0.79
AgBiSe2,0.34
TlInSe2,1.206363636
CsAg5Te3,0.65
Ba2ZnTe3,2.1
AgInCd2Te3,0.47
K2Bi8Se13,0.53
CsSmHgSe3,2.374
InSb0.99As0.01,0.35
UO,1.5
BaUSe3,1.0
ThOTe,1.45
Th2Se5,0.37
K3Bi2I9,2.1
InSb,0.220631579
In2Te,0.46
AgInTe2,0.945
Cd0.99Te0.99Al0.01Sb0.01,1.475
CdTe,1.5494375
AgI,2.932183333
PdTe2,1.8
TlHg6S4Br5,3.03
TlSbSe2,0.82
HgBr2,3.59
Bi2Cu0.96Se3I,0.68
Cs1.13Cd1.13Bi2.87Se6,1.0
In4Te3,0.51
Cd4Sb2I3,1.83
Ba2GaSbTe5,1.66
AgIn3Te5,0.68
HgSc,0.24
AgSbTe2,0.476666667
Pb0.7Ge0.3Se,0.4
Ag0.4Cd0.5In2.2Te4,0.19
KRbBi8Se13,0.64
Ag0.2Cd0.75In2.1Te4,0.54
AgIn5Te8,0.47
CdIn2Te4,1.182
Ag0.4Cd0.2In2.4Te4,0.42
Ag0.25Cd0.5In2.25Te4,0.39
Ag0.1Cd0.8In2.1Te4,0.29
Hg0.6Cd0.4Se,0.95
RbBi3Se5,0.57
BiSeBr,1.666666667
BiSI,1.593333333
PbBr2,3.31
AgIn9Te14,1.5
CsCd4In5Te12,1.42
CdIn8Te13,1.02
Tl2PrInSe4,0.93
Ir2Sn3Se3,0.43
Pb2SbS2I3,2.0
CdIn30Te46,1.17
CsGdZnTe3,2.13
Eu3As2,0.6
TmAs,1.18
CsTbZnTe3,2.12
BaHgSe2,1.56
SnTe,0.33
Pb0.01Sn0.99Te,0.28
Ba2InYTe5,1.36
Hg6As4CdBr6,1.915
Cs2Cd3Te4,2.48
CdI2,3.8
YbAs,1.02
TlScTe2,0.85
CsBiSe2,1.07
Sn2BiSI5,1.32
Sb2Te3,0.255714286
Ba2GaSmTe5,1.04
Tl2Hg3S4,2.05
Ba2GaGdTe5,1.12
SbTeI,1.265
SnI2,2.4
YbSe,1.5
SrIr4In2Ge4,0.25
CsInTe2,2.16
TlPrSe2,1.18
Tl2Au2Sn2Se6,1.2
Ba2GaDyTe5,1.13
EuBi2Se4,1.02
Hg4As2.5InBr3.5,1.71
Hg0.7Cd0.3Se,1.1
Tl2SeAs2Te3,0.67
Ba2GaErTe5,1.15
AgPbBiSe3,0.13
SnI4,2.38
CsSbTe2,0.43
TeI,1.1
SbI3,2.3480000000000003
EuSb4Te7,0.54
CsBi3Se5,0.43
RbBi3Se4Te,0.8
K1.25Pb3.5Bi7.25Se15,0.53
EuIn2Te4,1.22
TeI4,1.1
Bi0.2Te3Sb1.8,0.28
Pb0.85Se0.85Ge0.15S0.15,0.34
CsSb,0.705
Pb0.8Ge0.2Se,0.35
Cs3Sb2I9,1.89
YbSb4Te7,0.22
Ba2InCeTe5,1.35
Cs2TeI6,1.5
Ba2InNdTe5,1.37
PbSe0.5S0.5,0.325
Bi2Se3,0.375
OsSbSe,0.4
Cs2Sb,0.62
Ba2InSmTe5,1.36
Bi2Te0.03Se2.97,0.27
Hg0.8Cd0.2Se,1.116666667
Rb3Bi2I9,1.995
Ba2InGdTe5,1.36
Bi2Te0.1Se2.9,0.78
Cs3Sb,1.6
Cs2Te,3.5
LaSb,0.8
BaTe,3.4
CsI,6.356666667000001
Ba2GaBiTe5,1.43
SmSnTe2,0.52
RbHgSbTe3,0.2
TlGaTe2,1.8
Tl3AsSe3,1.3
Pb0.75Sn0.25Se,0.04
Ba2InDyTe5,1.35
La3Te4,0.43
Bi0.4Te3Sb1.6,0.208
Ce4Te7,0.5
EuSnTe2,0.6
EuIr4In2Ge4,0.26
YbSb2Te4,0.34
Ba2InErTe5,1.35
PrTe2,1.154
Ce2Te3,1.31
PrTe1.9,1.0
TlHg6Se4Br5,2.8
Pr4Te7,0.46
Pb0.9Se0.9Ge0.1S0.1,0.32
NdTe2,0.48
Bi2Te0.3Se2.7,0.24
Pb2BiS2I3,1.6
Pr2Te3,1.32
Pb0.8Sn0.2Se,0.066
Pb0.8Se0.8Ge0.2Te0.2,0.36
PrSb,0.66
Bi2Te0.4Se2.6,0.7
HgIn2Te4,1.093333333
Ag2HgI4,2.47
Nd2Te3,1.12
Bi2Te0.45Se2.55,0.2
Pb0.83Sn0.17Se,0.035
Hg0.9Cd0.1Se,1.3733333330000002
Bi8Te7S5,0.4
Nd3Te4,1.6
Bi0.6Te3Sb1.4,0.1969999999999999
Pb0.9Ge0.1Se,0.3
Pb0.65Se0.65Sn0.35Te0.35,0.09
Pb0.85Se0.85Sn0.15Se0.15,0.22
Pb0.85Sn0.15Se,0.135
Pb0.85Se0.85Ge0.15Te0.15,0.32
Hg2Br2Te2,2.06
Bi2Te0.6Se2.4,0.28
Pb0.87Sn0.13Se,0.02
NbIrSn,0.28
YPtSb,0.16
Th2GeSe2,1.98
Sm2Te3,0.7
Eu4Te7,0.31
YbSnTe2,0.75
Pb0.72Se0.72Sn0.28Te0.28,0.12
Pb7Bi4Se13,0.29
Tl2InGaTe4,0.88
Sm3Te4,0.51
Pb0.95Se0.95Ge0.05S0.05,0.29
Pb0.9Sn0.1Se,0.123333333
Pb0.9Se0.9Sn0.1Se0.1,0.24
SmSb,0.59
Pb0.8Se0.8Sn0.2Te0.2,0.14
BiSeI,1.3
Pb0.92Sn0.08Se,0.059
Hg5AsS2I3,1.57
Pb0.95Ge0.05Se,0.28
Pb0.59Ge0.41Te,0.49
Gd2Te3,0.74
Bi2Te0.9Se2.1,0.28
Pb0.93Sn0.07Se,0.075
Hg0.99Cd0.01Se,1.72
Pb0.85Se0.85Sn0.15Te0.15,0.18
SmTe,0.3779999999999999
GaBi,0.1
HgSe,0.241666667
Pb0.6Ge0.4Te,0.51
Pb0.94Se0.94Sn0.06Se0.06,0.2
Pb0.94Sn0.06Se,0.176666667
Pb0.94Se0.94Ge0.06Te0.06,0.28
PbSe0.9S0.1,0.272
DyTe1.7,0.35
Pb0.95Se0.95Sn0.05Se0.05,0.205
Pb0.95Sn0.05Se,0.12
Pb0.61Ge0.39Te,0.56
Pb0.92Se0.92Sn0.08Te0.08,0.22
EuTe,2.007
TlSe,0.7634615379999999
Hg2Br2,2.6
PbSe0.95S0.05,0.257
TlSbTe3,0.38
Dy2Te3,0.69
Pb0.97Se0.97Sn0.03Se0.03,0.25
DyTe1.45,0.6
Cs3Bi2I9,1.85
Pb0.98Se0.98Bi0.04Te0.06,0.28
DyTe1.40,0.6
Pb0.99Ge0.01Se,0.27
Bi2Te1.2Se1.8,0.28
Pb0.999Se0.999Sn0.001Se0.001,0.2775
GdTe,1.3
AgTlTe2,0.1
Pb0.97Se0.97Ge0.03S0.03,0.28
Pb0.99Se0.99Ge0.01Te0.01,0.23
Pb0.999Se0.999Bi0.002Te0.003,0.79
PbSe,0.239916667
TlBr,2.991275
Bi1Te3Sb1,0.187
PbSe0.99S0.01,0.2555
Tl2GeTe3,0.365
Er2Te3,0.9
PbTe0.05Se0.95,0.262
TlInTe2,0.666666667
BiSe,0.4
Hg4As2CdI4,1.45
Er3Te4,0.9
Bi2Te1.5Se1.5,0.29
Tl2TeI6,1.485
OsSb2,0.236666667
Tl2S,1.0
Pb0.9Se0.9Bi0.2Te0.3,0.25
Pb0.7Ge0.3Te,0.48
Cs2Hg3I8,2.56
OsSbTe,0.05
Tl2Hg3Se4,1.57
ErTe,0.9
PtSb2,0.117444444
OsTe2,0.3
Hg0.63Cd0.37Te,0.35
Hg0.65Cd0.35Te,0.28
Pb0.8Se0.8Bi0.4Te0.6,0.22
YbSb,1.0
BiI3,1.931571429
Bi1.4Te3Sb0.6,0.1669999999999999
Pb0.75Ge0.25Te,0.44
Bi2Te2Se,0.3
YbTe,1.8
Hg0.8Zn0.2Te,0.075
Bi2Te2.1Se0.9,0.295
Hg0.7Cd0.3Te,0.31
Hg0.72Cd0.28Te,0.21
Hg2I2Te2,1.85
Bi1.6Te3Sb0.4,0.161
Cs3Bi,0.625
Cd3Bi2,0.2
Pb0.8Ge0.2Te,0.4
Bi2Te2.4Se0.6,0.26
Hg0.77Cd0.23Te,0.165
EuBi2Te4,0.44
PbTe0.5Se0.5,0.285
PbI2,2.534777778
BiTeI,0.46
Tl4CdI6,2.8
Hg0.796Cd0.204Te,0.0635
Pb0.75Sn0.25Te,0.04
Bi1.8Te3Sb0.2,0.15
Pb0.85Ge0.15Te,0.36
Pb0.77Sn0.23Te,0.044
Bi2Te2.7Se0.3,0.206
Tl2Te3,0.516
Pb0.8Sn0.2Te,0.095
TlBiTe3,0.5
Pb0.9Mn0.1Te,0.49
Pb0.83Sn0.17Te,0.15
Bi1.98Te3Sb0.02,0.143
Bi2Te3,0.25
Bi2Te2.97Se0.03,0.1525
Pb0.9Ge0.1Te,0.35
Pb0.85Sn0.15Te,0.15125
Pb0.95Te0.95Ge0.05S0.05,0.4
Pb0.93TeGa0.07,0.34
Tl2Se,0.37
Pb0.9Sn0.1Te,0.16
Pb0.95Mn0.05Te,0.37
Pb0.92Sn0.08Te,0.145
Pb0.95Ge0.05Te,0.34
Pb0.93TeIn0.07,0.32
HgTe,0.171666667
Pb0.94Sn0.06Te,0.28
Hg2I2,2.37
Pb0.96TeGa0.04,0.37
Pb0.97Sn0.03Te,0.255
Pb0.99Ge0.01Te,0.42
Pb0.995TeGa0.005,0.43
Pb0.93TeTl0.07,0.54
Pb0.999Sn0.001Te,0.3
CsAu,2.3
TlBiTe2,0.12
Pb0.98Te0.98Ge0.02S0.02,0.34
Pb0.99Te0.99Ge0.01S0.01,0.32
PbTe,0.278833333
PbTe0.99Se0.01,0.297
Tl2Hg3Te4,0.9
CsBi2,0.55
BiSb0.15,0.022
